,se_equities,se_bonds
1953-10-01,-0.006897253370544365,0.005686693304315149
1953-11-01,0.018285665255427075,0.0030304492965442797
1953-12-01,0.004295223006929971,0.004717159609239463
1954-01-01,0.04370224556714697,0.0029721512911817793
1954-02-01,0.023424538220069735,0.004690931649959484
1954-03-01,0.043459201419480786,0.00196196220500644
1954-04-01,0.013868001916317763,0.0033153082212160623
1954-05-01,0.060429099604973,0.0029569141315211045
1954-06-01,0.029948131888038798,0.0026753945929494094
1954-07-01,0.02860653487612197,0.0028913715042189203
1954-08-01,0.019330125215700322,0.0010016483431358747
1954-09-01,0.004596665629970742,0.0032987703266980084
1954-10-01,0.010490551123711889,-0.012882119212444754
1954-11-01,0.04111048521175631,-2.3307800697147663e-05
1954-12-01,0.010226583546775636,0.006086913893937673
1955-01-01,-0.0014895809603212573,0.004331573773941333
1955-02-01,0.004330861577024558,0.0020430714703734143
1955-03-01,0.01818683305805724,-0.00015409948695122022
1955-04-01,-0.017156033256467862,-0.02182406441898843
1955-05-01,-0.02652037714525357,-0.013264489629057019
1955-06-01,-0.023006854782115616,0.0037181113208093475
1955-07-01,0.04914443524226564,0.0015530081819774555
1955-08-01,0.022356340170409217,0.007703756227222636
1955-09-01,0.018541882157114165,0.005964333335933603
1955-10-01,-0.0705569434678498,0.0074316219047747545
1955-11-01,0.011161001532338899,0.005034655157668766
1955-12-01,-0.006906427795787762,0.00278904640983213
1956-01-01,0.03226683469860214,0.010030771457740562
1956-02-01,-0.0035149905239969526,0.004114833594023537
1956-03-01,-0.022898280901843537,0.003204377544723469
1956-04-01,0.01122281393759228,0.001499517649730775
1956-05-01,0.003406586325959582,0.0009522079002355355
1956-06-01,-0.0026007048384348863,0.00040903895940780366
1956-07-01,0.04312534376640742,0.0021706153616798396
1956-08-01,0.0026486896706943153,0.004386387262736546
1956-09-01,-0.02132356364202659,0.002903515443757998
1956-10-01,-0.016405588076864874,0.0022029548514106434
1956-11-01,-0.031129756543812115,-0.004980807836077683
1956-12-01,0.034785549594393395,-0.01461545579905521
1957-01-01,0.04083328719320356,0.0025850492182284412
1957-02-01,0.018381504387736225,-0.001951120398542061
1957-03-01,0.0195330624318375,0.0023355140520877615
1957-04-01,0.01939922934924665,0.002895818307688147
1957-05-01,0.04533883008287498,0.0032957571103131578
1957-06-01,-0.005468642111438937,-0.001628438066537008
1957-07-01,0.012893752099244482,-0.032810931195311865
1957-08-01,-0.00932668296627126,0.004590889327204861
1957-09-01,-0.04197981437181619,0.025899360181911524
1957-10-01,-0.012107857580448522,-0.0023388376306877623
1957-11-01,-0.003122592913157418,0.0027773390724681324
1957-12-01,0.0002851641321615084,0.005901238041824186
1958-01-01,0.03297009984527377,0.004758731572188646
1958-02-01,0.0050992386030956904,0.0005261742073874309
1958-03-01,-0.004077062841150392,0.009381004677720739
1958-04-01,0.023678534703358567,0.010345824305233675
1958-05-01,0.028291685049552262,0.006280352555772417
1958-06-01,0.040056916239689544,0.002340566529898558
1958-07-01,0.053468573158439,0.009112001657031188
1958-08-01,0.011088334709710823,-0.00034226311331797543
1958-09-01,0.034237817822600825,-0.0008682537851600891
1958-10-01,-0.0051891798099790165,0.009219871819389436
1958-11-01,-0.011038503930617116,0.005153014433987968
1958-12-01,-0.003495138733473402,0.0015892603279303863
1959-01-01,0.0678577930717923,0.004010427164981012
1959-02-01,0.02212921412625901,0.004363505685599733
1959-03-01,-0.014345713843887498,0.003652448373916206
1959-04-01,0.05507857984679965,0.006467008008659292
1959-05-01,0.08256308358822118,0.0043459056188071
1959-06-01,0.024037496086572352,0.001284929052980166
1959-07-01,0.07923833793737667,0.004251020530101179
1959-08-01,0.002627976776053309,0.0043722366794820555
1959-09-01,-0.012502954169691938,-0.000587454370834517
1959-10-01,0.02952261670455747,0.0008409015764245797
1959-11-01,0.014120188212362716,-0.0010742595114676678
1959-12-01,0.05654475215358046,-0.0018890582081803053
1960-01-01,0.014748774938579512,-0.05209148744923786
1960-02-01,-0.04530103141797881,0.003395958771942542
1960-03-01,-0.05495570171419206,0.007752732026403475
1960-04-01,0.030931991712042528,0.0022746291824158327
1960-05-01,0.02638746058825525,-0.0010147958787140032
1960-06-01,0.006591359025442722,0.004344093427827156
1960-07-01,0.03448246533716248,0.0022675950069885875
1960-08-01,0.045693002152479734,0.005886966215226774
1960-09-01,-0.009300821026382966,0.005138594085651871
1960-10-01,-0.021346394972536875,0.004969839162652923
1960-11-01,0.018834883972967065,0.01089359560667802
1960-12-01,-0.0032572224598983457,0.004693223705023453
1961-01-01,0.0017995385154354615,0.001838900717744174
1961-02-01,-0.004215456655669136,-0.0029409326725178264
1961-03-01,-0.0008332047495457351,0.0058132951868450355
1961-04-01,0.04393960937912755,0.002427129872566658
1961-05-01,0.03785264653816922,0.003927282338413107
1961-06-01,-0.0030593002550406423,-0.00531651363019503
1961-07-01,-0.005562059655440654,0.0026611852853255513
1961-08-01,0.02563995748627934,0.004867035951524823
1961-09-01,-0.02485547203257643,0.00562177637695771
1961-10-01,-0.004495836144014831,0.0011443017247549925
1961-11-01,-0.017828795453580182,0.007875502568984283
1961-12-01,-0.022922933020808944,0.00420182891812626
1962-01-01,-0.0014958295776393848,0.0100711122014141
1962-02-01,0.007111759784457439,0.003213854548367978
1962-03-01,-0.0036196286663854327,0.00018947963037252435
1962-04-01,-0.005031428766923751,0.02095871137226024
1962-05-01,-0.02537564656379032,0.010163574536819597
1962-06-01,-0.039379388702561635,0.027025646045559792
1962-07-01,0.06106749548048129,0.004939383050122315
1962-08-01,0.0022455854890190974,0.0032229924886102435
1962-09-01,-0.03442129730457255,0.0039864136044498455
1962-10-01,-0.024737304781894953,0.0006810645036250396
1962-11-01,0.007232228174822053,0.0033849382043991127
1962-12-01,0.006424748591057794,0.003809996204720001
1963-01-01,0.055181151794484906,0.011139542943229275
1963-02-01,0.03246212387813374,0.02026045346528571
1963-03-01,0.0009466599881398086,-0.0007702296516339802
1963-04-01,0.02960881546998384,-0.0032278525435269767
1963-05-01,0.03963810990850236,-0.003910257928481098
1963-06-01,0.04400963682023473,-0.00892533422996089
1963-07-01,0.03664586233915745,0.0043675703887902095
1963-08-01,-0.006862882961510941,0.004164106838729031
1963-09-01,-0.015249167482274006,-0.012695464150617064
1963-10-01,0.043291598387416474,0.0030927907222735307
1963-11-01,-0.012724074729300927,0.0034704205259095122
1963-12-01,0.009093828001258686,0.002935218118652827
1964-01-01,0.06438734352124764,0.004359768810330289
1964-02-01,-0.013358844687108351,-0.02309893382557804
1964-03-01,0.036083782047702906,0.006777928241664011
1964-04-01,0.004198793318849869,-0.0020744331651216807
1964-05-01,-0.01850880497528573,0.0054643369385669605
1964-06-01,-2.04891401414109e-05,0.004429414585929825
1964-07-01,0.034031461554068,0.0053835185121693385
1964-08-01,0.030742863155156952,0.002438845403644363
1964-09-01,0.0005284045937166137,0.007056510417711825
1964-10-01,0.0026426616641133105,0.0026426616641133105
1964-11-01,0.016630218996300572,-0.011142085177679228
1964-12-01,0.02856580665571129,0.005228526388384225
1965-01-01,0.0988987569776949,0.016532585218923534
1965-02-01,-0.026809808408649882,0.0049241601331535545
1965-03-01,0.0008164670975441268,0.005005802918001789
1965-04-01,-0.011269400312946432,-0.02401548206134163
1965-05-01,0.029459790834039046,0.004181100378355396
1965-06-01,-0.006696869499436042,0.004807121762741007
1965-07-01,0.03784423207615606,0.006359696781752966
1965-08-01,0.019000753428792594,0.005088019236864527
1965-09-01,-0.022535010831355784,0.00496487628733755
1965-10-01,-0.018523453480634555,0.004939462286564167
1965-11-01,0.006530800632449374,0.006353630405736332
1965-12-01,0.0008188799976895922,-0.002887661005513853
1966-01-01,-0.020371605705660545,-0.007058690731422179
1966-02-01,-0.006037936293172619,0.005101214746986438
1966-03-01,0.01592845734568349,0.005801418273068348
1966-04-01,-0.06759002320597163,0.005363574730625764
1966-05-01,0.01623827360402408,0.0034793038025704437
1966-06-01,0.025360113285444408,-0.011497312433938034
1966-07-01,-0.025798414810585202,0.006920972350906496
1966-08-01,-0.07679434818646802,0.01592813609329702
1966-09-01,0.011450960820644562,0.014482461316377204
1966-10-01,-0.016639825827566956,0.0054882070441071296
1966-11-01,-0.04446302519390677,0.009123028917965348
1966-12-01,-0.027236356923410865,0.014603136612584278
1967-01-01,0.06946736615331517,0.004393170079472597
1967-02-01,1.7433902263830348e-05,0.013288656229408335
1967-03-01,0.012014046480870677,0.03146901497407151
1967-04-01,0.006888980609201623,0.0054209774955973344
1967-05-01,-0.0015679631987962628,0.004738153919146448
1967-06-01,-0.004558679474136462,0.004303600402457253
1967-07-01,0.045711558335753466,0.0013486108085833948
1967-08-01,0.03195746921124165,0.005387088116464156
1967-09-01,-0.02098249906399252,0.004668034129452714
1967-10-01,0.001980198019801982,0.004859451462387865
1967-11-01,-0.024835393701330588,0.01001870009734307
1967-12-01,-0.034682211636873905,-0.061911890258322
1968-01-01,0.02128821150147142,0.024066911209646324
1968-02-01,0.017667358870424366,0.028380790799895195
1968-03-01,0.023477811518659797,0.005205044285648608
1968-04-01,0.05247991848320077,0.0017609373588787225
1968-05-01,0.06280612361147098,0.005605350660860653
1968-06-01,0.016921333721812593,0.008080822287354295
1968-07-01,0.060176750108562826,0.0037084514372776045
1968-08-01,-0.002883127577472999,0.007353281230325415
1968-09-01,-0.012614276605493746,0.0024371882761111685
1968-10-01,0.024328217795856366,0.015495222221503901
1968-11-01,0.04800503544851109,0.003848392269339973
1968-12-01,0.03228843024283434,0.005997140226817743
1969-01-01,0.09374389745375522,-0.0007323196020508904
1969-02-01,0.010439386489428992,0.004529384736317255
1969-03-01,0.005174421074304547,-0.025909648191351775
1969-04-01,0.05733549600306653,0.0019838488720307357
1969-05-01,0.012679749957315245,-0.012955983270468208
1969-06-01,-0.022363479537212516,0.008236149445101981
1969-07-01,-0.07605018767464322,-0.01667660821287431
1969-08-01,-0.007182714716938654,0.007692406626827575
1969-09-01,-0.009548303969254213,0.002982202978922821
1969-10-01,0.012090512251311525,0.009066330925038724
1969-11-01,-0.014189394840238845,0.0075406114957576875
1969-12-01,-0.0002778177474913601,0.004264064723542571
1970-01-01,-0.05229111078274318,0.0064131769884132606
1970-02-01,-0.05578945938099633,0.0071135339841752465
1970-03-01,0.02396335760653323,0.0040393882353289
1970-04-01,-0.09751981020385891,0.005901910181911552
1970-05-01,-0.047967457641154954,0.005020483345583804
1970-06-01,0.0829626880502512,-0.00112900597863963
1970-07-01,0.07224600971215,0.0006465460602982365
1970-08-01,-0.054883262884668604,0.006143519767149774
1970-09-01,-0.033834974717374955,0.005293840463584054
1970-10-01,-0.09526385195546128,0.00442491883526297
1970-11-01,0.07157460482092648,0.011198022153275922
1970-12-01,-7.791976220383745e-05,0.015165682455112517
1971-01-01,0.07213766737639515,0.009833902964991426
1971-02-01,0.04718713005995867,0.005857274372823129
1971-03-01,0.027354564926716618,0.005720178243176166
1971-04-01,-0.04276005063872701,0.006031735555436013
1971-05-01,0.05286397117842734,0.0068509311503861525
1971-06-01,0.00947483747657274,0.006209790257753811
1971-07-01,-0.0006004298539307173,0.004942441962679345
1971-08-01,-0.0008701375924826671,0.006065089060505402
1971-09-01,-0.02887601343983126,0.0203614432531678
1971-10-01,0.04505474233780826,0.005378178398539157
1971-11-01,0.059025603510306945,0.004496737051924882
1971-12-01,0.008822857708367549,0.004257765431358251
1972-01-01,0.040544830769213114,0.0011798284555892824
1972-02-01,-0.005901309796784271,0.003854580535008756
1972-03-01,0.05349185023132286,0.005978302717619677
1972-04-01,0.029781272476254506,0.005448614000982621
1972-05-01,-0.02168448117253441,0.004941156547472403
1972-06-01,-0.0030930693601404213,0.006631960346414889
1972-07-01,0.03553391205834955,0.00367740210001144
1972-08-01,0.02314176444828764,0.0034442298624044465
1972-09-01,-0.012852610669892073,0.005311717072805866
1972-10-01,-0.009086500478458048,0.0068853377945314875
1972-11-01,0.03677744260069682,0.004240473639746334
1972-12-01,-0.025923216453623055,0.008084585265563105
1973-01-01,0.032939952543319606,0.005285127421493785
1973-02-01,0.011339798296497339,0.0048683597326275585
1973-03-01,-0.00760382482523092,0.006157604909609038
1973-04-01,0.028350586396851174,0.005837319723294154
1973-05-01,0.03012111199346723,0.004114174106631063
1973-06-01,0.004173907181978409,0.005749848135240265
1973-07-01,-0.004099632623038252,0.0063369830153858775
1973-08-01,-0.035533108624726806,0.005402958702922289
1973-09-01,-0.005596162995348153,0.0064985445793579455
1973-10-01,0.032335927549542065,0.005606402627883478
1973-11-01,-0.06199389730990301,0.008889385179603249
1973-12-01,0.01332008038154231,0.006902098788581723
1974-01-01,0.07422460890849081,0.011065213465397017
1974-02-01,0.06561280471332354,0.007775400056627024
1974-03-01,0.02666976481598904,0.014340323388233989
1974-04-01,0.01883473434018157,-0.03335743988428874
1974-05-01,-0.049998522856942285,-0.0007878807477811334
1974-06-01,-0.0044974423848783696,0.0014395015961283786
1974-07-01,0.025272126309360488,0.009548883261258467
1974-08-01,-0.07735295291361854,0.005771996343600039
1974-09-01,-0.03343007143791943,-0.012231855959609628
1974-10-01,0.0659274466707016,0.005895490609117093
1974-11-01,-0.05011221267439547,0.009178343696684799
1974-12-01,-0.034523084864385156,0.0007036161412650177
1975-01-01,0.1036811167604621,0.007438056099533963
1975-02-01,0.05819361205005369,0.010044317736397579
1975-03-01,-0.007359909969826828,0.006298132588057781
1975-04-01,0.02779172405733199,0.0036244158832878792
1975-05-01,-0.010274659913290685,-0.04424384931778025
1975-06-01,0.03939823948540355,0.0037689326006251633
1975-07-01,0.029406395713374556,0.011175869736199218
1975-08-01,-0.0278476174498431,0.003146576571899873
1975-09-01,0.06086288660319883,0.006442675033815792
1975-10-01,0.010362790615348505,0.0035964139407727025
1975-11-01,0.01120342315866707,0.007725002917219337
1975-12-01,0.010822315292115636,0.004296049285255066
1976-01-01,0.03959753866504934,0.00884268584854997
1976-02-01,0.011446694423151715,0.010579112889956388
1976-03-01,0.03579348141098171,0.0070607370246109635
1976-04-01,0.10064225779977676,0.007957761305685818
1976-05-01,-0.028866222559840726,0.006379090802000942
1976-06-01,0.009825506077450141,0.004966427368713999
1976-07-01,0.002971422619056252,0.00510980068895317
1976-08-01,-0.062080060092053135,0.010109859968245427
1976-09-01,-0.04668150570236884,0.004375920924027499
1976-10-01,-0.07441621273497023,-0.04151068932986479
1976-11-01,0.028184417159301534,0.033408973664914354
1976-12-01,0.04758487090622765,0.009828815317444617
1977-01-01,-0.04842762168590853,0.013021613127958576
1977-02-01,0.0787482040956109,0.004845979990599103
1977-03-01,0.01785056704068677,0.0002916680392104354
1977-04-01,-0.010987257004520523,0.0060465236890940854
1977-05-01,-0.008541994028679611,0.003363920514770191
1977-06-01,-0.08399094381713423,0.011027304166217888
1977-07-01,-0.026043425161861977,0.005994336613239115
1977-08-01,-0.0490252523578657,0.010665523535116739
1977-09-01,0.05199351150440301,0.006581426114580902
1977-10-01,-0.053414597947482156,0.005647955885389466
1977-11-01,-0.0642959681225399,0.007529387122485298
1977-12-01,0.07811214459436577,0.005027425663658658
1978-01-01,0.10251381259680725,0.008993886075669755
1978-02-01,-0.028913486709957748,0.014732174503924833
1978-03-01,0.0672862731202446,-0.009137235879897787
1978-04-01,0.056375623506139894,0.0009098184180904578
1978-05-01,-0.026966056881547962,0.011984637541716525
1978-06-01,0.01308356426040036,-0.005486122474957167
1978-07-01,0.06956197658831087,0.007983268796437848
1978-08-01,0.012316168518804682,0.029532343951882867
1978-09-01,-0.031160562651993406,0.005542910881020768
1978-10-01,-0.062365273619517825,-0.0015173194776917365
1978-11-01,0.02660075761819125,0.015884290867355766
1978-12-01,0.007752664716593971,0.003703134268893793
1979-01-01,0.08525205324371243,0.005309109554948899
1979-02-01,-0.041770245320519206,0.01405035107075392
1979-03-01,-3.552287424013478e-05,0.008119198905504277
1979-04-01,-0.03208065480753641,0.0064432246540711
1979-05-01,0.00011980857838600478,0.006542711993911432
1979-06-01,-0.015985202338367865,0.010212538881453792
1979-07-01,0.017790809620338965,-0.007246078984434412
1979-08-01,-0.004076525960250543,0.008452372119438056
1979-09-01,-0.009034088896595849,0.005557092862886304
1979-10-01,0.003737783609301548,-0.021190495698407585
1979-11-01,0.025126507133132137,0.0064619606336902
1979-12-01,0.018526073603153392,-0.0020245129235548776
1980-01-01,0.06199920208900189,0.02747936780711635
1980-02-01,0.0010903446889807267,-0.00822310886383748
1980-03-01,-0.007854210549303242,0.006068269783498392
1980-04-01,0.021743821939111063,0.00867708570638226
1980-05-01,0.005555526733479033,0.011382921385122868
1980-06-01,0.008677091997208564,-0.00012108834423141257
1980-07-01,0.016393763576903364,0.01216531804085541
1980-08-01,-0.027352638006810537,0.004186453351212149
1980-09-01,-0.00628987583467755,-0.05538813223853145
1980-10-01,0.0791895209797231,0.009200500748077545
1980-11-01,0.060371395444399845,0.006225346575750468
1980-12-01,0.04408851420411852,0.015773870302248527
1981-01-01,0.001457976621994872,0.0033950512099520935
1981-02-01,0.11037110082987445,-0.03551348415542099
1981-03-01,0.05162945429246868,0.01612576433414059
1981-04-01,-0.02054166304018834,0.014570413913545632
1981-05-01,0.08757217545794638,0.0019680230705132473
1981-06-01,0.12120552013012342,0.011158045748548728
1981-07-01,0.06571430360873176,0.008135184289296937
1981-08-01,-0.005063820555669563,0.005054967143183653
1981-09-01,-0.05470696998651947,0.015140646226041277
1981-10-01,0.10269622895531394,0.01195888943427037
1981-11-01,0.07332666882644578,0.005942652159738104
1981-12-01,-0.004847355880888249,0.07855810240237537
1982-01-01,-0.011378008617796476,-0.0048082442954532345
1982-02-01,-0.0022554775358616386,0.019236350347336062
1982-03-01,-0.02176553054018493,0.012280076116838234
1982-04-01,-0.041884904011120105,0.008617791243395123
1982-05-01,0.03753290387842978,0.01027932195991621
1982-06-01,0.002852756244266841,-0.003260453569275401
1982-07-01,0.04614400335764457,-0.0014466925485150384
1982-08-01,0.006148857420599896,0.01584012433637061
1982-09-01,0.06389562106736801,0.005727016190374634
1982-10-01,0.08398028990020734,-0.015561083098171169
1982-11-01,0.13046663730395025,0.05758144242458507
1982-12-01,0.05561976955127035,0.009045745410601436
1983-01-01,0.14398953005257797,-0.0019158353255670502
1983-02-01,0.18876262072505723,0.028024952384289037
1983-03-01,0.006036377399903259,0.027153926697786268
1983-04-01,0.08977760976144178,0.03189120854647909
1983-05-01,-0.007862895622140487,0.015008689826816468
1983-06-01,-0.03402030910051246,0.010060371321871875
1983-07-01,0.09028193915166072,0.028172137113067208
1983-08-01,0.08721877979322268,0.013048053296522921
1983-09-01,-0.01785648337797474,-0.012661119920045705
1983-10-01,-0.016061069570969866,0.005971475749996014
1983-11-01,0.07781674964257612,-0.000547681969172098
1983-12-01,-0.041065753858872456,0.032157260141908006
1984-01-01,0.09362813035401985,0.01709676948697947
1984-02-01,-0.019321818915422173,0.02036836388440011
1984-03-01,0.03661207492185192,-0.011237815831172004
1984-04-01,-0.03862763184245899,0.024866006625430037
1984-05-01,-0.08495470419089934,0.02889183938588591
1984-06-01,0.03632497078561725,0.009467758638150636
1984-07-01,0.0007372452549068154,-0.04764694321823815
1984-08-01,-0.015580029426553565,-0.049074943064427945
1984-09-01,-0.05287008213929845,0.038498506657320686
1984-10-01,-0.005751996003299231,0.0611111303973082
1984-11-01,-0.04534206320420475,0.017265267144496832
1984-12-01,0.00976464518956277,0.02078834738876556
1985-01-01,0.05784753842406576,-0.009985467617118493
1985-02-01,-0.020619853115113718,-0.04716024422374099
1985-03-01,-0.01449470873162595,0.036718449188104296
1985-04-01,0.02809893832104149,0.008596156455598747
1985-05-01,-0.05418566441699213,-0.009079230044594766
1985-06-01,-0.01258510101836341,0.015059196872414748
1985-07-01,0.020060251239599314,0.02454473934953061
1985-08-01,-0.0014758221741185684,-9.91625777735372e-06
1985-09-01,0.02120112237995775,0.0014074753668245066
1985-10-01,0.04047249470568226,0.01365779833222125
1985-11-01,0.11381445643483379,0.030079196152781096
1985-12-01,0.08777042771793675,0.037762494759383314
1986-01-01,0.026774386097082603,0.03147873089394171
1986-02-01,0.030355690370215793,0.042102101987037566
1986-03-01,0.1322178318454208,0.05473554000374814
1986-04-01,0.07808271781421738,0.09481968278196318
1986-05-01,0.05847749110610656,-0.027837203173236236
1986-06-01,0.022117149817145076,0.025701615343509898
1986-07-01,0.039697658737757546,0.014707980281306154
1986-08-01,0.02493769804352497,0.0208922656797077
1986-09-01,0.000392686631734529,0.01662974332182121
1986-10-01,0.07934160854661854,0.00962298251827054
1986-11-01,-0.040430008134109685,-0.0478238077257811
1986-12-01,0.0021708062187049126,-0.00207534338144022
1987-01-01,-0.130886518618902,-0.07200457229495805
1987-02-01,0.14517176190982384,0.04275511379234653
1987-03-01,0.04792592669667739,0.030469246844016418
1987-04-01,0.08379382336823804,-0.014985442218270695
1987-05-01,-0.027020536833855746,-0.018093917763369327
1987-06-01,0.023407881522439444,0.03529218457097372
1987-07-01,0.07945356369507062,-0.018765921715591438
1987-08-01,0.032915517172691366,0.004048322489418998
1987-09-01,0.059222252510493734,0.013918110768465164
1987-10-01,-0.1996870336852058,0.03947951502345437
1987-11-01,-0.14751570458833307,-0.010268506390778032
1987-12-01,0.03166013165225556,0.0238442444665532
1988-01-01,0.11908561579418975,0.01634795083337104
1988-02-01,0.025947953517295286,0.030078104404207773
1988-03-01,0.037466033057364845,0.004447042952763658
1988-04-01,0.02879681589880212,-0.01146324266719867
1988-05-01,0.06737498842466128,0.01653845791255426
1988-06-01,-0.005949089062385005,0.021902850607494972
1988-07-01,0.04517606557209164,-0.001725910419786092
1988-08-01,-0.03496170663246978,0.008186809972426268
1988-09-01,0.06143155391125976,0.010170679843420016
1988-10-01,0.04011878690500237,0.026045911012123613
1988-11-01,0.01061363787156,0.015648798284140453
1988-12-01,0.060250661642934356,0.02866179474234576
1989-01-01,0.05565414095415311,0.0300362213630887
1989-02-01,0.015689157080220895,-0.01162413064010992
1989-03-01,0.042529096800214106,-0.004733129365709909
1989-04-01,0.011714722822946166,0.002700431430103123
1989-05-01,0.049950455542000505,0.024762410253207134
1989-06-01,0.03667325779813302,-0.016588867299703214
1989-07-01,0.07109672881885531,0.01732625764330531
1989-08-01,0.038839389788362766,0.02924450830883596
1989-09-01,-0.05780566636087936,-0.0030845379034972753
1989-10-01,-0.061627387488853325,-0.016753142241019203
1989-11-01,-0.022867072660461285,-0.05164339359124137
1989-12-01,0.07320302514587018,-0.00015620969160468068
1990-01-01,-0.01853899212606247,0.0009385942368518307
1990-02-01,-0.04967565307553379,-0.014625647460120739
1990-03-01,-0.020235347054330832,0.01232868665520881
1990-04-01,0.013016727329067779,0.017458971479560992
1990-05-01,0.10614782323554395,0.02610326959046061
1990-06-01,0.04131425245724962,0.03218813790128938
1990-07-01,0.00467579614410174,0.009359058357282013
1990-08-01,-0.12346461720130197,-0.01593427015077209
1990-09-01,-0.21200901328480393,0.008844752367511477
1990-10-01,-0.010279797459691986,0.01639115696794935
1990-11-01,-0.06244852552236768,0.02938404670381667
1990-12-01,0.031052083036602784,0.024719212698412818
1991-01-01,0.1192556627229171,0.043060761300448114
1991-02-01,0.09881145414221093,0.014870359368767794
1991-03-01,0.03734809707537634,0.00397179308294926
1991-04-01,-0.038426120668907604,0.019304272379268017
1991-05-01,0.057157730831093545,0.026882246855030933
1991-06-01,0.03892021927379119,0.014936669467492392
1991-07-01,-0.021182212470824413,-0.0022052220297987812
1991-08-01,-0.018635998036963697,0.01794015177554864
1991-09-01,-0.05410110368369314,0.02862569478402177
1991-10-01,-0.013231181012346327,0.008451738077416504
1991-11-01,-0.06246102418491062,0.003369458051245333
1991-12-01,-0.0404794654236873,0.006091779352282778
1992-01-01,0.06218508776654996,0.031244979685357555
1992-02-01,-0.032387065151118,0.0037333645002395333
1992-03-01,0.06423003756425505,0.00020227619954948928
1992-04-01,-0.006325021917708118,0.00796028138577154
1992-05-01,0.02307361499158156,0.014138881042577323
1992-06-01,-0.07790053857563417,-0.004482723652159293
1992-07-01,-0.05834145411283731,-0.008285235304592242
1992-08-01,-0.09732068302433805,-0.01914320576373918
1992-09-01,-0.1057015240840562,0.0013374353526478533
1992-10-01,0.015558179806234751,0.021984484083297673
1992-11-01,0.28268291300939596,0.0522972567253317
1992-12-01,0.007219805070009411,0.017152886817094704
1993-01-01,-0.02303376340516705,-0.006957830441986834
1993-02-01,0.13208423517440648,0.044926236344357884
1993-03-01,-0.003873556754880436,0.0015692591388711818
1993-04-01,0.028991165704619792,0.011435129291786694
1993-05-01,0.0871665778805959,0.03332523261570852
1993-06-01,-0.02262952392938944,0.014322862990499674
1993-07-01,0.12569107370521349,0.032683702133261106
1993-08-01,0.05471931227644622,0.010197353094005157
1993-09-01,-0.003094809963752887,-0.00796191064057894
1993-10-01,0.11862174246430235,0.026591455094470362
1993-11-01,-0.08737520142941968,0.0006034373081766908
1993-12-01,0.07811625091494401,0.031026161187433177
1994-01-01,0.1477014722864496,0.01673013759444908
1994-02-01,-0.03994048056785704,-0.0182699096026655
1994-03-01,-0.08722554222242573,-0.021594953534108563
1994-04-01,0.06311928467848027,-0.012419781952014208
1994-05-01,-0.0023453923582155145,-0.025514187822114898
1994-06-01,-0.0627338373262819,-0.005474602109768689
1994-07-01,0.06194383426530781,-0.020862360878629804
1994-08-01,-0.0058605084017987474,-0.007813204915195548
1994-09-01,-0.03353198428811821,0.006299736759717733
1994-10-01,0.03503034363021662,0.028756656578232898
1994-11-01,0.03872511278036539,0.007251256333320244
1994-12-01,-0.023477854151443767,0.011548617841084408
1995-01-01,0.017495122645099892,-0.005133396263453105
1995-02-01,0.01281380156998102,0.03387255562215841
1995-03-01,-0.03510412713218747,-0.02491440823054447
1995-04-01,0.07981834185973824,0.016071019378702367
1995-05-01,0.0021338810493543026,0.019204865298564577
1995-06-01,0.054746977563159716,0.0027945389007502097
1995-07-01,0.0310807172103007,0.02673318817060255
1995-08-01,0.009923610013607975,0.017872502985335714
1995-09-01,0.07414425559462257,0.042862688586677855
1995-10-01,-0.06948833541992405,0.015320459801098751
1995-11-01,0.008956167581842811,0.014585751576285277
1995-12-01,-0.0001738634244325965,0.023514597030585227
1996-01-01,0.01728645536340978,0.019008808659127352
1996-02-01,0.06326475666241871,-0.010958608400320147
1996-03-01,0.017395577847040045,0.019785079070423706
1996-04-01,0.0225699069765386,0.013939896766820725
1996-05-01,0.043010415181211625,0.009226742024651902
1996-06-01,0.0006492945930114402,0.019211530684572153
1996-07-01,-0.05184893299895765,-0.008460692336982323
1996-08-01,0.06031916617225597,0.021964815234107204
1996-09-01,0.0413727620722828,0.034205198284043004
1996-10-01,0.02162878361177767,0.008895037267278472
1996-11-01,0.08322496019713377,0.024454849996415895
1996-12-01,0.04193802546750569,0.02561170784430966
1997-01-01,0.064694429584788,-0.00515741691089755
1997-02-01,0.03731748766426035,0.008418518292163002
1997-03-01,0.04816223189508806,-0.006713032941179975
1997-04-01,-0.036976309382652284,-0.001530578350684375
1997-05-01,0.06484935491735921,0.008232461004080482
1997-06-01,0.0816008325026818,0.02813835926143149
1997-07-01,0.0584870257195782,0.005031683877998905
1997-08-01,-0.05818000592805106,-0.0070332349842616715
1997-09-01,0.08402320417786813,0.03201019449412468
1997-10-01,-0.11320978263336379,-0.011689272424383335
1997-11-01,0.05820615245926941,0.010331077530007615
1997-12-01,-0.0029354932154276314,0.017267217751955277
1998-01-01,0.03643156645339918,0.01541046766289833
1998-02-01,0.08604330502673396,0.015421689973668551
1998-03-01,0.06067795542131127,0.003664732731649467
1998-04-01,0.030041144387853214,0.006424337574505001
1998-05-01,0.037520960768423484,0.01704890173613771
1998-06-01,0.013190250996809594,0.009849877932864626
1998-07-01,-0.005261082068490519,0.006916723164325456
1998-08-01,-0.13429531439553088,0.017335184801081205
1998-09-01,-0.11741327563065262,-0.002159089078735965
1998-10-01,0.05622899881357646,0.013604239303927512
1998-11-01,0.1212010148151732,0.009852484196404498
1998-12-01,-0.00694112845003525,0.01704492606564645
1999-01-01,0.022525819764557253,0.013487816138157749
1999-02-01,0.017689490245058614,-0.011447077819112694
1999-03-01,0.03951724563659309,0.010261502145565649
1999-04-01,0.048429597181313344,0.005482911541600632
1999-05-01,-0.0030811978026407116,-0.017384531814407245
1999-06-01,0.06809134987446752,-0.012814095736054187
1999-07-01,-0.011180891913057933,-0.01579765462328442
1999-08-01,0.013291730871539231,-0.006733054015934714
1999-09-01,0.00396815931409944,0.0013009621611650424
1999-10-01,0.10311949209914784,0.011281523793453374
1999-11-01,0.09644979094030082,-0.006076289477329411
1999-12-01,0.1643115296791562,0.004230245838780844
2000-01-01,0.01008600098008916,-0.014621216309382401
2000-02-01,0.16972161990271228,0.00991543459267219
2000-03-01,-0.01919952964717031,0.03474062374073439
2000-04-01,0.030756348136728784,0.002461906611579856
2000-05-01,-0.03048335321090212,0.015342809211886577
2000-06-01,-0.04572233880238441,-0.003918392641719892
2000-07-01,0.00890842900101485,0.0029306771803667697
2000-08-01,0.02423052830954786,0.006119176846632213
2000-09-01,-0.08510091178804358,0.014229441351963246
2000-10-01,-0.03302564111616546,0.008537526212580637
2000-11-01,-0.07359079493543907,0.003930281481205222
2000-12-01,-0.01681147636746738,0.022313781807146382
2001-01-01,0.044351298048536325,0.0032994918454842814
2001-02-01,-0.12508698481781988,-0.0035529280922138584
2001-03-01,-0.14301906337926018,0.006419000457337232
2001-04-01,0.12922110835904,-0.008237792891567786
2001-05-01,0.003779094750656853,-0.011741224544467244
2001-06-01,-0.050507649312747094,0.0016260009763429117
2001-07-01,-0.01501987413048711,0.01689155585537616
2001-08-01,-0.07632011951086382,0.010136839066057002
2001-09-01,-0.12886041549429506,-0.0035032261148081334
2001-10-01,0.062266002291859524,0.01811565523499592
2001-11-01,0.13329038255642,0.0023423172720731245
2001-12-01,0.013570032335572302,-0.008951247684006125
2002-01-01,-0.06876236141798509,-0.005788485435043178
2002-02-01,0.022541855938533084,0.00975278959508552
2002-03-01,0.01556449315391295,-0.010165207509656993
2002-04-01,-0.07629243327890556,0.011654039043700992
2002-05-01,-0.06869989815922173,-0.0023802109053120413
2002-06-01,-0.07987124465992668,0.013750815972896069
2002-07-01,-0.113040790767993,0.01683702558401401
2002-08-01,-0.04140460571044147,0.004741680674900994
2002-09-01,-0.14295200423887433,0.024649375617336267
2002-10-01,0.1403255487720334,0.0025870944759507353
2002-11-01,0.11552219298116317,-0.00010688523765445268
2002-12-01,-0.13808898761179678,0.017376067418319208
2003-01-01,-0.0388064567468871,0.0045116891945271576
2003-02-01,-0.01156133968980233,0.014219600994793247
2003-03-01,-0.005524059022301797,0.0036699507612436566
2003-04-01,0.1564228988396026,-0.0003425413007764888
2003-05-01,-0.01512764087506846,0.022157442558801366
2003-06-01,0.05160031378088514,0.015667931877798358
2003-07-01,0.051173067565214225,-0.03226949614882413
2003-08-01,0.05784209252660677,0.016991261078836306
2003-09-01,-0.05491567230082184,-0.002223150317167355
2003-10-01,0.09964382531387472,-0.015775066091107126
2003-11-01,0.0021385791090211548,0.0074056053404261135
2003-12-01,0.021075166075595897,0.009472416283228258
2004-01-01,0.07828360965921677,0.020126321354251298
2004-02-01,0.048668881581521495,0.014354724917972295
2004-03-01,-0.009875032345108892,0.01584056865517436
2004-04-01,0.010127464540703679,-0.018468090888021926
2004-05-01,-0.01351286236558713,0.0002498623580273751
2004-06-01,0.03476422610640362,0.0015766364035987301
2004-07-01,-0.024600503755402348,0.008280144087140728
2004-08-01,0.0014777945697708184,0.016005306124774688
2004-09-01,0.029695145358180852,0.0034557997457467238
2004-10-01,-0.0055896681925594605,0.010394409185200404
2004-11-01,0.05063587537202907,0.00589533602457748
2004-12-01,0.0052745576203145905,0.01255555760145488
2005-01-01,0.0025118312002310184,0.010703674561648446
2005-02-01,0.04135082252991151,-0.0026404378468304346
2005-03-01,0.0012961960615822665,0.006863494738064135
2005-04-01,-0.005932067935171981,0.013319503329908722
2005-05-01,0.06818985475336392,0.014140785504788811
2005-06-01,0.04083800345114019,0.01655902765567463
2005-07-01,0.05796927243372574,0.0016207146841655806
2005-08-01,-0.00307125298717581,0.01443911580451851
2005-09-01,0.04577620677014882,-0.015462322498613679
2005-10-01,-0.024678329036510904,-0.011440305089664315
2005-11-01,0.04432170076197406,0.0036113719350729934
2005-12-01,0.053434020416266215,0.001560801731618655
2006-01-01,0.018300952776113766,0.0011834145444851174
2006-02-01,0.03306458956041669,0.006671844917967906
2006-03-01,0.06232360343696497,-0.015151917196626896
2006-04-01,0.014110152305098156,0.0031198767018405515
2006-05-01,-0.09485621737871419,-0.009498381245888865
2006-06-01,0.02187310091318051,0.008054662494977105
2006-07-01,-0.01948485352967544,0.0038318848252323345
2006-08-01,0.03781840016825577,-0.0009147287719767361
2006-09-01,0.05782467220381182,0.009795057604807367
2006-10-01,0.05188835738566189,0.006501394181081199
2006-11-01,-0.01744301600982212,0.00468451138225312
2006-12-01,0.07588632106230242,-0.008656210736705638
2007-01-01,0.035659610557486454,-0.00393686611659827
2007-02-01,-0.025028554615434295,0.013004597963779174
2007-03-01,0.05607617196376102,-0.0015843219949495113
2007-04-01,0.065254661239176,-0.0068972549117096715
2007-05-01,0.012408936699992434,-0.010127147507309697
2007-06-01,-0.014517413738204032,-0.0015807091078722246
2007-07-01,-0.02260986904728257,0.0018720818022204266
2007-08-01,-0.03174535266244738,0.004945725295405934
2007-09-01,0.01797548598332166,0.019502662057659936
2007-10-01,-0.03327899198341544,-0.0012743051269016314
2007-11-01,-0.07429071809059218,-0.0013356350986349907
2007-12-01,-0.016325484346106922,0.0032054938987891024
2008-01-01,-0.1249110399220591,0.022937978166133632
2008-02-01,0.036763368278175834,0.004129553794517182
2008-03-01,-0.023010094300845108,-0.0021921435132318257
2008-04-01,0.06625303309376096,0.005006290565164884
2008-05-01,0.024107928925494404,-0.020219143237286685
2008-06-01,-0.14551601466063013,-0.008943397186917612
2008-07-01,-0.005091979574903371,0.02216609043847284
2008-08-01,0.006762267207418571,0.0032741816074792762
2008-09-01,-0.12217335876575486,0.01809277801053244
2008-10-01,-0.1721200579503318,0.03625988015580339
2008-11-01,-0.012589262237561849,0.0345037530440333
2008-12-01,0.04467341370763145,0.036656590253898225
2009-01-01,-0.08109187332862922,-0.04343595247025578
2009-02-01,0.05454718061035613,0.037106488805225046
2009-03-01,0.0015165433648940407,-0.015815379536626817
2009-04-01,0.20790417417865537,-0.01041452432491441
2009-05-01,0.03337561970741443,-0.021509426897251882
2009-06-01,0.003049126266406521,0.00650249613809506
2009-07-01,0.13084306497664255,0.03378623836252315
2009-08-01,0.020085129896537213,-0.008093735943055513
2009-09-01,-0.003468755358288944,0.0019220807332833711
2009-10-01,0.03448494321655171,-0.006693619947416907
2009-11-01,0.0015654690145883166,0.01484653863843799
2009-12-01,0.016298894668866692,-0.005948699300513227
2010-01-01,0.005612336476265911,0.00745496613674157
2010-02-01,0.01099749377166015,0.02329196658954702
2010-03-01,0.07950653054952816,-0.0032725089725029743
2010-04-01,0.04163618291959148,0.011532334533561173
2010-05-01,-0.06401721994702159,0.02218444851142909
2010-06-01,0.016409665678885244,-0.0041223953353626275
2010-07-01,0.04564064330037687,0.002481620119731076
2010-08-01,-0.03631408410321091,0.03229234285736826
2010-09-01,0.07188375180901785,-0.025036267050631777
2010-10-01,0.019853942286868875,0.004231610534255914
2010-11-01,0.007060077809082355,-0.013392278597939788
2010-12-01,0.045578106052892364,-0.02613315569399499
2011-01-01,-0.0029211166525748844,0.005237001424993171
2011-02-01,-0.016631946999076996,-0.0016231561276776052
2011-03-01,0.01076301199323959,-0.0012279861861076435
2011-04-01,0.04671345602639865,0.008530266437450251
2011-05-01,-0.0005285979948012054,0.027741665520017333
2011-06-01,-0.029406605473122793,0.0047052868544998905
2011-07-01,-0.03695841252664844,0.03541612695907537
2011-08-01,-0.12002227310352576,0.012050886708848463
2011-09-01,-0.05980647639785419,0.021312761555988713
2011-10-01,0.08138427183594032,-0.021800929261227897
2011-11-01,0.006641584811688528,0.0390590081740021
2011-12-01,0.000517898694909924,0.0029724673012092584
2012-01-01,0.04866780891187594,-0.012380012644230831
2012-02-01,0.05639243884890366,-0.01175836503191563
2012-03-01,0.00271512223604109,0.00770178882894923
2012-04-01,-0.001554582297688012,0.014821684683414826
2012-05-01,-0.07326818764545129,0.024048419467446402
2012-06-01,0.04299445033531191,-0.009945828289260383
2012-07-01,0.0386851516003226,0.007762350314097111
2012-08-01,-0.025665422006848737,-0.0029489033351264293
2012-09-01,0.027848247653923908,-0.0024903488718902578
2012-10-01,-0.010014867466475619,-0.0005469344721932279
2012-11-01,0.038651624919737504,0.006941016536222477
2012-12-01,0.014972766200647136,-0.006193655398663789
2013-01-01,0.0567574559327253,-0.020592052889144674
2013-02-01,0.021731118835899066,-0.0024813861698391726
2013-03-01,0.01741164545076046,0.017795453953127538
2013-04-01,0.02881366640243943,0.02024025205522073
2013-05-01,0.008125716305241726,-0.030386306376608996
2013-06-01,-0.0477588314005305,-0.011395313170721955
2013-07-01,0.0782449418834057,0.010951777070744573
2013-08-01,-0.022028651494623297,-0.023106538415577638
2013-09-01,0.03665769764400806,0.0030032143837854797
2013-10-01,0.012090544593426289,0.009897500575959173
2013-11-01,0.024559140284273084,0.0065302215959632814
2013-12-01,0.022738157530441505,-0.010876408302033735
2014-01-01,-0.017620545003407262,0.019867972581990134
2014-02-01,0.052621380788612226,4.7162680505863364e-05
2014-03-01,0.012302966244040814,0.010037526907011873
2014-04-01,0.024215515686020206,0.014901220007148996
2014-05-01,0.02458056623635585,0.0024181580963928972
2014-06-01,-0.008937937168949528,0.013715307362129225
2014-07-01,-0.010025602172800685,0.0037134504267102297
2014-08-01,0.0026454995021045757,0.014244618007261511
2014-09-01,0.016009634409156037,0.009833047019014218
2014-10-01,0.005562477810657551,0.013112852031224032
2014-11-01,0.02717617822192331,0.004037037589444958
2014-12-01,0.006611411504386044,0.008442593691263767
2015-01-01,0.08283832990025952,0.0213841184614858
2015-02-01,0.07582575465426178,-0.00423612297337761
2015-03-01,0.0030664992906326294,0.01999260723596974
2015-04-01,-0.0075020131790217714,-0.006722887664828536
2015-05-01,0.01335035538559426,-0.013837360149058786
2015-06-01,-0.06990672667738174,-0.021010334238867445
2015-07-01,0.05438979461463678,0.019936406836130738
2015-08-01,-0.06567144080473764,0.003997342395351655
2015-09-01,-0.044119163321197585,0.001200993858134769
2015-10-01,0.061076639909680264,-0.0023290980721369925
2015-11-01,0.028328809863776172,-0.007083571645142728
2015-12-01,-0.04433746277566597,-0.007902215851920635
2016-01-01,-0.07494712394347014,0.018426937239583996
2016-02-01,0.02281236303749501,0.009461741492809761
2016-03-01,0.011732881076993884,-0.0038248692472125922
2016-04-01,0.013574788566675933,-0.0046410603043159915
2016-05-01,0.020314424477396953,0.006183375467863295
2016-06-01,-0.03276595787042058,0.03307714150428831
2016-07-01,0.057114450277343964,0.011032054971309435
2016-08-01,0.011479942164071,-0.007070072084139789
2016-09-01,0.026466100920564006,0.004479400575851722
2016-10-01,-0.014670394284037158,-0.01271742980453583
2016-11-01,0.014405177955113535,-0.01909895919252358
2016-12-01,0.030289615471359888,-0.002898920743836131
2017-01-01,0.02246425324704604,-0.002050726940838299
2017-02-01,0.024255960356564632,0.007588572034584962
2017-03-01,0.022502091967990134,-0.00948359729196091
2017-04-01,0.04206211367319135,0.0024266223508120355
2017-05-01,0.02043922484904459,0.012108465952175296
2017-06-01,-0.019498240437366032,-0.009654091779085383
2017-07-01,-0.026797376479487323,0.004647805977460617
2017-08-01,-0.004748128598638823,0.008454453839389142
2017-09-01,0.05040305131438805,-0.012039093933727374
2017-10-01,0.020938892380490515,0.0039098032347637535
2017-11-01,-0.03373331336333596,0.004760821704548057
2017-12-01,-0.012273875402134315,-0.003260744403418392
2018-01-01,0.010846877082156148,-0.012858990193281628
2018-02-01,-0.002340543234087611,0.00800571191720656
2018-03-01,-0.007951535379032593,0.009265124114534062
2018-04-01,0.03606014394799284,-0.005047281491143196
2018-05-01,-0.001365612135932448,0.015838553802897337
2018-06-01,0.009790900765861643,0.004861767575876197
2018-07-01,0.02767253588463614,-0.01446899341238883
2018-08-01,0.03403818143283788,0.0072188029125344055
2018-09-01,0.0009069069316445244,-0.0025314208469491284
2018-10-01,-0.06994753224790284,0.0015626492520854907
2018-11-01,-0.023098532319117626,0.0027209673045613947
2018-12-01,-0.05742372359728998,0.0015148220809597657
2019-01-01,0.07959201637775815,0.004203600618007064
2019-02-01,0.034084530558234016,-0.004185167961571423
2019-03-01,0.009540032447996616,0.014592218174977134
2019-04-01,0.07786763866021928,0.004826186840007907
2019-05-01,-0.0762586962490247,0.016441217350862347
2019-06-01,0.062015703185384075,-0.00013646390589516777
2019-07-01,-0.011388942832465832,-0.0007309171749825261
2019-08-01,-0.004846894555823544,0.021556759721379937
2019-09-01,0.031884483718295,-0.008612431388749564
2019-10-01,0.04453769599069757,-0.00858659813765894
2019-11-01,0.012170904163680829,-0.008416429790899183
2019-12-01,0.021676800486790215,-0.011084470174066663
2020-01-01,0.015197224485795857,0.01943175384583129
2020-02-01,-0.04953179640883165,0.025406741749688155
2020-03-01,-0.10383612741385628,-0.001541876248645102
2020-04-01,0.05716233365900525,-0.020287638920742146
2020-05-01,0.0407507671728351,-0.008862392788784645
2020-06-01,0.027393242293495712,0.007612805504481068
2020-07-01,0.017774868949045786,-0.01574818268240674
2020-08-01,0.04032408924672892,0.0015612748006552657
2020-09-01,0.05394927573902075,0.019575022427009925
2020-10-01,-0.06717933244931773,-0.008391790298829638
2020-11-01,0.103278784660924,-0.009809704063430735
2020-12-01,0.006616448354145765,0.005226135688367162
2021-01-01,0.033892957736514795,-0.004404500643034215
2021-02-01,0.02197435162276018,-0.022394760124817448
2021-03-01,0.09790218808741291,0.010237022431063059
2021-04-01,0.013962838746003126,-0.007621096996714982
2021-05-01,0.030767164703431993,0.0035263104783433974
2021-06-01,0.0011094668412037212,0.0010684857202805098
2021-07-01,0.06938783327835596,0.018875832469277265
2021-08-01,0.000825367929013554,-0.006025486215775477
2021-09-01,-0.04945569784143544,-0.0073462405682030996
2021-10-01,0.035748147812789455,-0.009113368542142286
2021-11-01,0.01609636303893014,0.025308878576289606
2021-12-01,0.05789795094823513,-0.007750492022709277
2022-01-01,-0.08418382057367524,-0.0042966963027673
2022-02-01,-0.08134322965950447,-0.018387473853044622
2022-03-01,0.015288356875539089,-0.0517258808030564
2022-04-01,-0.03305194507825027,-0.026725296278688804
2022-05-01,-0.0026933582660509936,0.019992780413866873
2022-06-01,-0.10558843190282707,-0.0058537996137169035
2022-07-01,0.11019665903743503,0.01571895854433758
2022-08-01,-0.06535157883178588,-0.0325695443931846
2022-09-01,-0.05860889339766251,-0.0070981463497367114
2022-10-01,0.056396522217670775,-0.008736829603173568
2022-11-01,0.08313722499104892,0.03101372892577836
2022-12-01,-0.03098302737884151,-0.03603216167634171
2023-01-01,0.07833694549723313,0.026386029246751708
2023-02-01,0.005937935399090044,-0.04931174585604137
2023-03-01,0.005395718741755484,0.03465388583822526
2023-04-01,0.03727937812469162,0.004155315342787125
2023-05-01,-0.027934486299251438,-0.002368589118486253
2023-06-01,0.025564902098767828,-0.011512276454860637
2023-07-01,-0.020714652864940897,-0.0027136186113407845
2023-08-01,-0.02627689795919308,-0.004224661394628515
2023-09-01,-0.026468288030867204,-0.0163636755436255
2023-10-01,-0.03696862924281219,0.0035896798247538886
2023-11-01,0.08332998343059606,0.02002126681192351
2023-12-01,0.08130229616359586,0.03984480397441037
2024-01-01,-0.012451273829835241,-0.004258880589507297
2024-02-01,0.03799249923848036,-0.018592137521497465
2024-03-01,0.047511581238315115,0.0067857728844604726
2024-04-01,0.008045645888888675,-0.005476180864459446
2024-05-01,0.03386152427344724,0.011958142209911538
2024-06-01,-0.011451317797222083,0.021162636171666582
2024-07-01,0.02860068154703166,0.018283588071065893
2024-08-01,-0.00958669393016598,-0.00630437590140398
2024-09-01,0.012144616280111986,0.004925176686586541
2024-10-01,-0.02476379514642013,0.001342343428231585
2024-11-01,-0.012877333084275078,0.009449977183425773
2024-12-01,-0.01371155140685043,-0.030853212260630203
2025-01-01,0.07089805732742338,0.0123907869965314
